Where,Product,Size (K),Avg ms/Trans,Connections,Threads,Avg Pipe Depth,Count,Repeats,Min ms/Trans,Max ms/Trans,Total ms,ms/Trans,PipeDepth,ForceFlushes,BufferFlushes,AvoidedFlushes,Retry,PLRetry,StartTime
Machine,Oakland,0,0.05525,1,1,200,4000,3,0.053,0.057,663,600,6341,34,18541,0,441,23:25:32.704
Machine,Oakland,0,0.06533334,1,2,200,4000,3,0.0595,0.0765,784,600,8013,34,16581,0,297,23:25:36.389
Machine,Oakland,0,0.06041667,1,5,200,4000,3,0.0585,0.0625,725,600,6837,33,17885,0,361,23:25:38.532
Machine,Oakland,0,0.069916666,1,10,200,4000,3,0.06725,0.075,839,600,4872,35,20314,0,593,23:25:39.514
Machine,Oakland,0,0.057500005,1,20,200,4000,3,0.0525,0.064,690,600,5194,36,19736,0,465,23:25:40.545
Machine,Oakland,0,0.073416665,1,50,200,4000,3,0.066,0.08575,881,600,6314,35,18392,0,353,23:25:41.473
Machine,Oakland,0,0.07708333,1,100,200,4000,3,0.06175,0.1015,925,600,6184,33,18912,0,548,23:25:42.603
