Where,Product,Size (K),Avg ms/Trans,Connections,Threads,Avg Pipe Depth,Count,Repeats,Min ms/Trans,Max ms/Trans,Total ms,ms/Trans,PipeDepth,ForceFlushes,BufferFlushes,AvoidedFlushes,Retry,PLRetry,StartTime
LAN,Oakland,4,0.18049999,10,1,1,2000,3,0.166,0.2085,1083,3,12000,0,0,0,0,07:37:23.070
LAN,Oakland,4,0.19633333,10,2,1,2000,3,0.1625,0.249,1178,3,12000,0,0,0,0,07:37:27.434
LAN,Oakland,4,0.20466667,10,5,1,2000,3,0.165,0.2275,1228,3,12000,0,0,0,0,07:37:28.811
LAN,Oakland,4,0.16616668,10,10,1,2000,3,0.164,0.1675,997,3,12000,0,0,0,0,07:37:30.244
LAN,Oakland,4,0.15499999,10,1,2,2000,3,0.1305,0.1995,930,6,9696,0,2304,0,0,07:37:31.442
LAN,Oakland,4,0.13366666,10,2,2,2000,3,0.13,0.1385,802,6,10037,0,1963,0,0,07:37:32.571
LAN,Oakland,4,0.13616668,10,5,2,2000,3,0.132,0.14,817,6,10057,0,1943,0,0,07:37:33.575
LAN,Oakland,4,0.14166667,10,10,2,2000,3,0.1345,0.15,850,6,10079,0,1921,0,0,07:37:34.596
