Where,Product,Size (K),Avg ms/Trans,Connections,Threads,Avg Pipe Depth,Count,Repeats,Min ms/Trans,Max ms/Trans,Total ms,ms/Trans,PipeDepth,ForceFlushes,BufferFlushes,AvoidedFlushes,Retry,PLRetry,StartTime
Machine,Oakland,0,0.097,1,1,200,4000,3,0.0835,0.10875,1164,600,7712,29,16968,0,340,23:26:04.083
Machine,Oakland,0,0.095416665,1,2,200,4000,3,0.08875,0.10375,1145,600,7129,31,18061,0,595,23:26:09.487
Machine,Oakland,0,0.07983333,1,5,200,4000,3,0.06775,0.09175,958,600,6338,32,18814,0,576,23:26:10.881
Machine,Oakland,0,0.08375,1,10,200,4000,3,0.07325,0.10075,1005,600,6473,33,18405,0,439,23:26:12.105
Machine,Oakland,0,0.097333334,1,20,200,4000,3,0.08875,0.11425,1168,600,7822,29,17088,0,455,23:26:13.378
Machine,Oakland,0,0.10616666,1,50,200,4000,3,0.087,0.12275,1274,600,6732,30,18262,0,497,23:26:14.809
Machine,Oakland,0,0.14691667,1,100,200,4000,3,0.1405,0.15425,1763,600,7576,30,17258,0,417,23:26:16.473
